{
  "best_overall_score": 0.4940707804146789,
  "best_train_accuracy": 0.6249054407913879,
  "best_test_accuracy": 0.5376823338735819,
  "best_overfitting_gap": 0.08722310691780599,
  "best_test_accuracy_overall": 0.541936790923825,
  "hyperparameters": {
    "n_estimators": 178,
    "max_depth": 5,
    "min_samples_split": 48,
    "min_samples_leaf": 44
  },
  "final_model_stats": {
    "train_accuracy": 0.6249054407913879,
    "test_accuracy": 0.5376823338735819,
    "overfitting_gap": 0.08722310691780599
  }
}